[
  {
    "label": "(GMT-11:00) Niue Time",
    "value": "Pacific/Niue"
  },
  {
    "label": "(GMT-11:00) Samoa Standard Time",
    "value": "Pacific/Pago_Pago"
  },
  {
    "label": "(GMT-10:00) Cook Islands Standard Time",
    "value": "Pacific/Rarotonga"
  },
  {
    "label": "(GMT-10:00) Hawaii-Aleutian Standard Time",
    "value": "Pacific/Honolulu"
  },
  {
    "label": "(GMT-10:00) Hawaii-Aleutian Time",
    "value": "America/Adak"
  },
  {
    "label": "(GMT-10:00) Tahiti Time",
    "value": "Pacific/Tahiti"
  },
  {
    "label": "(GMT-09:30) Marquesas Time",
    "value": "Pacific/Marquesas"
  },
  {
    "label": "(GMT-09:00) Alaska Time - Anchorage",
    "value": "America/Anchorage"
  },
  {
    "label": "(GMT-09:00) Alaska Time - Juneau",
    "value": "America/Juneau"
  },
  {
    "label": "(GMT-09:00) Alaska Time - Metlakatla",
    "value": "America/Metlakatla"
  },
  {
    "label": "(GMT-09:00) Alaska Time - Nome",
    "value": "America/Nome"
  },
  {
    "label": "(GMT-09:00) Alaska Time - Sitka",
    "value": "America/Sitka"
  },
  {
    "label": "(GMT-09:00) Alaska Time - Yakutat",
    "value": "America/Yakutat"
  },
  {
    "label": "(GMT-09:00) Gambier Time",
    "value": "Pacific/Gambier"
  },
  {
    "label": "(GMT-08:00) Pacific Time - Dawson",
    "value": "America/Dawson"
  },
  {
    "label": "(GMT-08:00) Pacific Time - Los Angeles",
    "value": "America/Los_Angeles"
  },
  {
    "label": "(GMT-08:00) Pacific Time - Tijuana",
    "value": "America/Tijuana"
  },
  {
    "label": "(GMT-08:00) Pacific Time - Vancouver",
    "value": "America/Vancouver"
  },
  {
    "label": "(GMT-08:00) Pacific Time - Whitehorse",
    "value": "America/Whitehorse"
  },
  {
    "label": "(GMT-08:00) Pitcairn Time",
    "value": "Pacific/Pitcairn"
  },
  {
    "label": "(GMT-07:00) Mexican Pacific Standard Time",
    "value": "America/Hermosillo"
  },
  {
    "label": "(GMT-07:00) Mexican Pacific Time - Chihuahua",
    "value": "America/Chihuahua"
  },
  {
    "label": "(GMT-07:00) Mexican Pacific Time - Mazatlan",
    "value": "America/Mazatlan"
  },
  {
    "label": "(GMT-07:00) Mountain Standard Time - Creston",
    "value": "America/Creston"
  },
  {
    "label": "(GMT-07:00) Mountain Standard Time - Dawson Creek",
    "value": "America/Dawson_Creek"
  },
  {
    "label": "(GMT-07:00) Mountain Standard Time - Fort Nelson",
    "value": "America/Fort_Nelson"
  },
  {
    "label": "(GMT-07:00) Mountain Standard Time - Phoenix",
    "value": "America/Phoenix"
  },
  {
    "label": "(GMT-07:00) Mountain Time - Boise",
    "value": "America/Boise"
  },
  {
    "label": "(GMT-07:00) Mountain Time - Cambridge Bay",
    "value": "America/Cambridge_Bay"
  },
  {
    "label": "(GMT-07:00) Mountain Time - Denver",
    "value": "America/Denver"
  },
  {
    "label": "(GMT-07:00) Mountain Time - Edmonton",
    "value": "America/Edmonton"
  },
  {
    "label": "(GMT-07:00) Mountain Time - Inuvik",
    "value": "America/Inuvik"
  },
  {
    "label": "(GMT-07:00) Mountain Time - Ojinaga",
    "value": "America/Ojinaga"
  },
  {
    "label": "(GMT-07:00) Mountain Time - Yellowknife",
    "value": "America/Yellowknife"
  },
  {
    "label": "(GMT-06:00) Central Standard Time - Belize",
    "value": "America/Belize"
  },
  {
    "label": "(GMT-06:00) Central Standard Time - Costa Rica",
    "value": "America/Costa_Rica"
  },
  {
    "label": "(GMT-06:00) Central Standard Time - El Salvador",
    "value": "America/El_Salvador"
  },
  {
    "label": "(GMT-06:00) Central Standard Time - Guatemala",
    "value": "America/Guatemala"
  },
  {
    "label": "(GMT-06:00) Central Standard Time - Managua",
    "value": "America/Managua"
  },
  {
    "label": "(GMT-06:00) Central Standard Time - Regina",
    "value": "America/Regina"
  },
  {
    "label": "(GMT-06:00) Central Standard Time - Swift Current",
    "value": "America/Swift_Current"
  },
  {
    "label": "(GMT-06:00) Central Standard Time - Tegucigalpa",
    "value": "America/Tegucigalpa"
  },
  {
    "label": "(GMT-06:00) Central Time - Bahia Banderas",
    "value": "America/Bahia_Banderas"
  },
  {
    "label": "(GMT-06:00) Central Time - Beulah, North Dakota",
    "value": "America/North_Dakota/Beulah"
  },
  {
    "label": "(GMT-06:00) Central Time - Center, North Dakota",
    "value": "America/North_Dakota/Center"
  },
  {
    "label": "(GMT-06:00) Central Time - Chicago",
    "value": "America/Chicago"
  },
  {
    "label": "(GMT-06:00) Central Time - Knox, Indiana",
    "value": "America/Indiana/Knox"
  },
  {
    "label": "(GMT-06:00) Central Time - Matamoros",
    "value": "America/Matamoros"
  },
  {
    "label": "(GMT-06:00) Central Time - Menominee",
    "value": "America/Menominee"
  },
  {
    "label": "(GMT-06:00) Central Time - Merida",
    "value": "America/Merida"
  },
  {
    "label": "(GMT-06:00) Central Time - Mexico City",
    "value": "America/Mexico_City"
  },
  {
    "label": "(GMT-06:00) Central Time - Monterrey",
    "value": "America/Monterrey"
  },
  {
    "label": "(GMT-06:00) Central Time - New Salem, North Dakota",
    "value": "America/North_Dakota/New_Salem"
  },
  {
    "label": "(GMT-06:00) Central Time - Rainy River",
    "value": "America/Rainy_River"
  },
  {
    "label": "(GMT-06:00) Central Time - Rankin Inlet",
    "value": "America/Rankin_Inlet"
  },
  {
    "label": "(GMT-06:00) Central Time - Resolute",
    "value": "America/Resolute"
  },
  {
    "label": "(GMT-06:00) Central Time - Tell City, Indiana",
    "value": "America/Indiana/Tell_City"
  },
  {
    "label": "(GMT-06:00) Central Time - Winnipeg",
    "value": "America/Winnipeg"
  },
  {
    "label": "(GMT-06:00) Galapagos Time",
    "value": "Pacific/Galapagos"
  },
  {
    "label": "(GMT-05:00) Acre Standard Time - Eirunepe",
    "value": "America/Eirunepe"
  },
  {
    "label": "(GMT-05:00) Acre Standard Time - Rio Branco",
    "value": "America/Rio_Branco"
  },
  {
    "label": "(GMT-05:00) Colombia Standard Time",
    "value": "America/Bogota"
  },
  {
    "label": "(GMT-05:00) Cuba Time",
    "value": "America/Havana"
  },
  {
    "label": "(GMT-05:00) Easter Island Time",
    "value": "Pacific/Easter"
  },
  {
    "label": "(GMT-05:00) Eastern Standard Time - Atikokan",
    "value": "America/Atikokan"
  },
  {
    "label": "(GMT-05:00) Eastern Standard Time - Cancun",
    "value": "America/Cancun"
  },
  {
    "label": "(GMT-05:00) Eastern Standard Time - Jamaica",
    "value": "America/Jamaica"
  },
  {
    "label": "(GMT-05:00) Eastern Standard Time - Panama",
    "value": "America/Panama"
  },
  {
    "label": "(GMT-05:00) Eastern Time - Detroit",
    "value": "America/Detroit"
  },
  {
    "label": "(GMT-05:00) Eastern Time - Grand Turk",
    "value": "America/Grand_Turk"
  },
  {
    "label": "(GMT-05:00) Eastern Time - Indianapolis",
    "value": "America/Indiana/Indianapolis"
  },
  {
    "label": "(GMT-05:00) Eastern Time - Iqaluit",
    "value": "America/Iqaluit"
  },
  {
    "label": "(GMT-05:00) Eastern Time - Louisville",
    "value": "America/Kentucky/Louisville"
  },
  {
    "label": "(GMT-05:00) Eastern Time - Marengo, Indiana",
    "value": "America/Indiana/Marengo"
  },
  {
    "label": "(GMT-05:00) Eastern Time - Monticello, Kentucky",
    "value": "America/Kentucky/Monticello"
  },
  {
    "label": "(GMT-05:00) Eastern Time - Nassau",
    "value": "America/Nassau"
  },
  {
    "label": "(GMT-05:00) Eastern Time - New York",
    "value": "America/New_York"
  },
  {
    "label": "(GMT-05:00) Eastern Time - Nipigon",
    "value": "America/Nipigon"
  },
  {
    "label": "(GMT-05:00) Eastern Time - Pangnirtung",
    "value": "America/Pangnirtung"
  },
  {
    "label": "(GMT-05:00) Eastern Time - Petersburg, Indiana",
    "value": "America/Indiana/Petersburg"
  },
  {
    "label": "(GMT-05:00) Eastern Time - Port-au-Prince",
    "value": "America/Port-au-Prince"
  },
  {
    "label": "(GMT-05:00) Eastern Time - Thunder Bay",
    "value": "America/Thunder_Bay"
  },
  {
    "label": "(GMT-05:00) Eastern Time - Toronto",
    "value": "America/Toronto"
  },
  {
    "label": "(GMT-05:00) Eastern Time - Vevay, Indiana",
    "value": "America/Indiana/Vevay"
  },
  {
    "label": "(GMT-05:00) Eastern Time - Vincennes, Indiana",
    "value": "America/Indiana/Vincennes"
  },
  {
    "label": "(GMT-05:00) Eastern Time - Winamac, Indiana",
    "value": "America/Indiana/Winamac"
  },
  {
    "label": "(GMT-05:00) Ecuador Time",
    "value": "America/Guayaquil"
  },
  {
    "label": "(GMT-05:00) Peru Standard Time",
    "value": "America/Lima"
  },
  {
    "label": "(GMT-04:00) Amazon Standard Time - Boa Vista",
    "value": "America/Boa_Vista"
  },
  {
    "label": "(GMT-04:00) Amazon Standard Time - Manaus",
    "value": "America/Manaus"
  },
  {
    "label": "(GMT-04:00) Amazon Standard Time - Porto Velho",
    "value": "America/Porto_Velho"
  },
  {
    "label": "(GMT-04:00) Atlantic Standard Time - Barbados",
    "value": "America/Barbados"
  },
  {
    "label": "(GMT-04:00) Atlantic Standard Time - Blanc-Sablon",
    "value": "America/Blanc-Sablon"
  },
  {
    "label": "(GMT-04:00) Atlantic Standard Time - Curaçao",
    "value": "America/Curacao"
  },
  {
    "label": "(GMT-04:00) Atlantic Standard Time - Martinique",
    "value": "America/Martinique"
  },
  {
    "label": "(GMT-04:00) Atlantic Standard Time - Port of Spain",
    "value": "America/Port_of_Spain"
  },
  {
    "label": "(GMT-04:00) Atlantic Standard Time - Puerto Rico",
    "value": "America/Puerto_Rico"
  },
  {
    "label": "(GMT-04:00) Atlantic Standard Time - Santo Domingo",
    "value": "America/Santo_Domingo"
  },
  {
    "label": "(GMT-04:00) Atlantic Time - Bermuda",
    "value": "Atlantic/Bermuda"
  },
  {
    "label": "(GMT-04:00) Atlantic Time - Glace Bay",
    "value": "America/Glace_Bay"
  },
  {
    "label": "(GMT-04:00) Atlantic Time - Goose Bay",
    "value": "America/Goose_Bay"
  },
  {
    "label": "(GMT-04:00) Atlantic Time - Halifax",
    "value": "America/Halifax"
  },
  {
    "label": "(GMT-04:00) Atlantic Time - Moncton",
    "value": "America/Moncton"
  },
  {
    "label": "(GMT-04:00) Atlantic Time - Thule",
    "value": "America/Thule"
  },
  {
    "label": "(GMT-04:00) Bolivia Time",
    "value": "America/La_Paz"
  },
  {
    "label": "(GMT-04:00) Guyana Time",
    "value": "America/Guyana"
  },
  {
    "label": "(GMT-04:00) Venezuela Time",
    "value": "America/Caracas"
  },
  {
    "label": "(GMT-03:30) Newfoundland Time",
    "value": "America/St_Johns"
  },
  {
    "label": "(GMT-03:00) Amazon Time (Campo Grande)",
    "value": "America/Campo_Grande"
  },
  {
    "label": "(GMT-03:00) Amazon Time (Cuiaba)",
    "value": "America/Cuiaba"
  },
  {
    "label": "(GMT-03:00) Argentina Standard Time - Buenos Aires",
    "value": "America/Argentina/Buenos_Aires"
  },
  {
    "label": "(GMT-03:00) Argentina Standard Time - Catamarca",
    "value": "America/Argentina/Catamarca"
  },
  {
    "label": "(GMT-03:00) Argentina Standard Time - Cordoba",
    "value": "America/Argentina/Cordoba"
  },
  {
    "label": "(GMT-03:00) Argentina Standard Time - Jujuy",
    "value": "America/Argentina/Jujuy"
  },
  {
    "label": "(GMT-03:00) Argentina Standard Time - La Rioja",
    "value": "America/Argentina/La_Rioja"
  },
  {
    "label": "(GMT-03:00) Argentina Standard Time - Mendoza",
    "value": "America/Argentina/Mendoza"
  },
  {
    "label": "(GMT-03:00) Argentina Standard Time - Rio Gallegos",
    "value": "America/Argentina/Rio_Gallegos"
  },
  {
    "label": "(GMT-03:00) Argentina Standard Time - Salta",
    "value": "America/Argentina/Salta"
  },
  {
    "label": "(GMT-03:00) Argentina Standard Time - San Juan",
    "value": "America/Argentina/San_Juan"
  },
  {
    "label": "(GMT-03:00) Argentina Standard Time - Tucuman",
    "value": "America/Argentina/Tucuman"
  },
  {
    "label": "(GMT-03:00) Argentina Standard Time - Ushuaia",
    "value": "America/Argentina/Ushuaia"
  },
  {
    "label": "(GMT-03:00) Brasilia Standard Time - Araguaina",
    "value": "America/Araguaina"
  },
  {
    "label": "(GMT-03:00) Brasilia Standard Time - Bahia",
    "value": "America/Bahia"
  },
  {
    "label": "(GMT-03:00) Brasilia Standard Time - Belem",
    "value": "America/Belem"
  },
  {
    "label": "(GMT-03:00) Brasilia Standard Time - Fortaleza",
    "value": "America/Fortaleza"
  },
  {
    "label": "(GMT-03:00) Brasilia Standard Time - Maceio",
    "value": "America/Maceio"
  },
  {
    "label": "(GMT-03:00) Brasilia Standard Time - Recife",
    "value": "America/Recife"
  },
  {
    "label": "(GMT-03:00) Brasilia Standard Time - Santarem",
    "value": "America/Santarem"
  },
  {
    "label": "(GMT-03:00) Chile Time",
    "value": "America/Santiago"
  },
  {
    "label": "(GMT-03:00) Falkland Islands Standard Time",
    "value": "Atlantic/Stanley"
  },
  {
    "label": "(GMT-03:00) French Guiana Time",
    "value": "America/Cayenne"
  },
  {
    "label": "(GMT-03:00) Palmer Time",
    "value": "Antarctica/Palmer"
  },
  {
    "label": "(GMT-03:00) Paraguay Time",
    "value": "America/Asuncion"
  },
  {
    "label": "(GMT-03:00) Punta Arenas Time",
    "value": "America/Punta_Arenas"
  },
  {
    "label": "(GMT-03:00) Rothera Time",
    "value": "Antarctica/Rothera"
  },
  {
    "label": "(GMT-03:00) St. Pierre & Miquelon Time",
    "value": "America/Miquelon"
  },
  {
    "label": "(GMT-03:00) Suriname Time",
    "value": "America/Paramaribo"
  },
  {
    "label": "(GMT-03:00) Uruguay Standard Time",
    "value": "America/Montevideo"
  },
  {
    "label": "(GMT-03:00) West Greenland Time",
    "value": "America/Godthab"
  },
  {
    "label": "(GMT-03:00) Western Argentina Standard Time",
    "value": "America/Argentina/San_Luis"
  },
  {
    "label": "(GMT-02:00) Brasilia Time",
    "value": "America/Sao_Paulo"
  },
  {
    "label": "(GMT-02:00) Fernando de Noronha Standard Time",
    "value": "America/Noronha"
  },
  {
    "label": "(GMT-02:00) South Georgia Time",
    "value": "Atlantic/South_Georgia"
  },
  {
    "label": "(GMT-01:00) Azores Time",
    "value": "Atlantic/Azores"
  },
  {
    "label": "(GMT-01:00) Cape Verde Standard Time",
    "value": "Atlantic/Cape_Verde"
  },
  {
    "label": "(GMT-01:00) East Greenland Time",
    "value": "America/Scoresbysund"
  },
  {
    "label": "(GMT+00:00) Coordinated Universal Time",
    "value": "UTC"
  },
  {
    "label": "(GMT+00:00) Greenwich Mean Time",
    "value": "Etc/GMT"
  },
  {
    "label": "(GMT+00:00) Greenwich Mean Time - Abidjan",
    "value": "Africa/Abidjan"
  },
  {
    "label": "(GMT+00:00) Greenwich Mean Time - Accra",
    "value": "Africa/Accra"
  },
  {
    "label": "(GMT+00:00) Greenwich Mean Time - Bissau",
    "value": "Africa/Bissau"
  },
  {
    "label": "(GMT+00:00) Greenwich Mean Time - Danmarkshavn",
    "value": "America/Danmarkshavn"
  },
  {
    "label": "(GMT+00:00) Greenwich Mean Time - Monrovia",
    "value": "Africa/Monrovia"
  },
  {
    "label": "(GMT+00:00) Greenwich Mean Time - Reykjavik",
    "value": "Atlantic/Reykjavik"
  },
  {
    "label": "(GMT+00:00) Ireland Time",
    "value": "Europe/Dublin"
  },
  {
    "label": "(GMT+00:00) Troll Time",
    "value": "Antarctica/Troll"
  },
  {
    "label": "(GMT+00:00) United Kingdom Time",
    "value": "Europe/London"
  },
  {
    "label": "(GMT+00:00) Western European Time - Canary",
    "value": "Atlantic/Canary"
  },
  {
    "label": "(GMT+00:00) Western European Time - Faroe",
    "value": "Atlantic/Faroe"
  },
  {
    "label": "(GMT+00:00) Western European Time - Lisbon",
    "value": "Europe/Lisbon"
  },
  {
    "label": "(GMT+00:00) Western European Time - Madeira",
    "value": "Atlantic/Madeira"
  },
  {
    "label": "(GMT+01:00) Central European Standard Time - Algiers",
    "value": "Africa/Algiers"
  },
  {
    "label": "(GMT+01:00) Central European Standard Time - Tunis",
    "value": "Africa/Tunis"
  },
  {
    "label": "(GMT+01:00) Central European Time - Amsterdam",
    "value": "Europe/Amsterdam"
  },
  {
    "label": "(GMT+01:00) Central European Time - Andorra",
    "value": "Europe/Andorra"
  },
  {
    "label": "(GMT+01:00) Central European Time - Belgrade",
    "value": "Europe/Belgrade"
  },
  {
    "label": "(GMT+01:00) Central European Time - Berlin",
    "value": "Europe/Berlin"
  },
  {
    "label": "(GMT+01:00) Central European Time - Brussels",
    "value": "Europe/Brussels"
  },
  {
    "label": "(GMT+01:00) Central European Time - Budapest",
    "value": "Europe/Budapest"
  },
  {
    "label": "(GMT+01:00) Central European Time - Casablanca",
    "value": "Africa/Casablanca"
  },
  {
    "label": "(GMT+01:00) Central European Time - Ceuta",
    "value": "Africa/Ceuta"
  },
  {
    "label": "(GMT+01:00) Central European Time - Copenhagen",
    "value": "Europe/Copenhagen"
  },
  {
    "label": "(GMT+01:00) Central European Time - El Aaiun",
    "value": "Africa/El_Aaiun"
  },
  {
    "label": "(GMT+01:00) Central European Time - Gibraltar",
    "value": "Europe/Gibraltar"
  },
  {
    "label": "(GMT+01:00) Central European Time - Luxembourg",
    "value": "Europe/Luxembourg"
  },
  {
    "label": "(GMT+01:00) Central European Time - Madrid",
    "value": "Europe/Madrid"
  },
  {
    "label": "(GMT+01:00) Central European Time - Malta",
    "value": "Europe/Malta"
  },
  {
    "label": "(GMT+01:00) Central European Time - Monaco",
    "value": "Europe/Monaco"
  },
  {
    "label": "(GMT+01:00) Central European Time - Oslo",
    "value": "Europe/Oslo"
  },
  {
    "label": "(GMT+01:00) Central European Time - Paris",
    "value": "Europe/Paris"
  },
  {
    "label": "(GMT+01:00) Central European Time - Prague",
    "value": "Europe/Prague"
  },
  {
    "label": "(GMT+01:00) Central European Time - Rome",
    "value": "Europe/Rome"
  },
  {
    "label": "(GMT+01:00) Central European Time - Stockholm",
    "value": "Europe/Stockholm"
  },
  {
    "label": "(GMT+01:00) Central European Time - Tirane",
    "value": "Europe/Tirane"
  },
  {
    "label": "(GMT+01:00) Central European Time - Vienna",
    "value": "Europe/Vienna"
  },
  {
    "label": "(GMT+01:00) Central European Time - Warsaw",
    "value": "Europe/Warsaw"
  },
  {
    "label": "(GMT+01:00) Central European Time - Zurich",
    "value": "Europe/Zurich"
  },
  {
    "label": "(GMT+01:00) West Africa Standard Time - Lagos",
    "value": "Africa/Lagos"
  },
  {
    "label": "(GMT+01:00) West Africa Standard Time - Ndjamena",
    "value": "Africa/Ndjamena"
  },
  {
    "label": "(GMT+01:00) West Africa Standard Time - São Tomé",
    "value": "Africa/Sao_Tome"
  },
  {
    "label": "(GMT+02:00) Central Africa Time - Khartoum",
    "value": "Africa/Khartoum"
  },
  {
    "label": "(GMT+02:00) Central Africa Time - Maputo",
    "value": "Africa/Maputo"
  },
  {
    "label": "(GMT+02:00) Central Africa Time - Windhoek",
    "value": "Africa/Windhoek"
  },
  {
    "label": "(GMT+02:00) Eastern European Standard Time - Cairo",
    "value": "Africa/Cairo"
  },
  {
    "label": "(GMT+02:00) Eastern European Standard Time - Kaliningrad",
    "value": "Europe/Kaliningrad"
  },
  {
    "label": "(GMT+02:00) Eastern European Standard Time - Tripoli",
    "value": "Africa/Tripoli"
  },
  {
    "label": "(GMT+02:00) Eastern European Time - Amman",
    "value": "Asia/Amman"
  },
  {
    "label": "(GMT+02:00) Eastern European Time - Athens",
    "value": "Europe/Athens"
  },
  {
    "label": "(GMT+02:00) Eastern European Time - Beirut",
    "value": "Asia/Beirut"
  },
  {
    "label": "(GMT+02:00) Eastern European Time - Bucharest",
    "value": "Europe/Bucharest"
  },
  {
    "label": "(GMT+02:00) Eastern European Time - Chisinau",
    "value": "Europe/Chisinau"
  },
  {
    "label": "(GMT+02:00) Eastern European Time - Damascus",
    "value": "Asia/Damascus"
  },
  {
    "label": "(GMT+02:00) Eastern European Time - Gaza",
    "value": "Asia/Gaza"
  },
  {
    "label": "(GMT+02:00) Eastern European Time - Hebron",
    "value": "Asia/Hebron"
  },
  {
    "label": "(GMT+02:00) Eastern European Time - Helsinki",
    "value": "Europe/Helsinki"
  },
  {
    "label": "(GMT+02:00) Eastern European Time - Kiev",
    "value": "Europe/Kiev"
  },
  {
    "label": "(GMT+02:00) Eastern European Time - Nicosia",
    "value": "Asia/Nicosia"
  },
  {
    "label": "(GMT+02:00) Eastern European Time - Riga",
    "value": "Europe/Riga"
  },
  {
    "label": "(GMT+02:00) Eastern European Time - Sofia",
    "value": "Europe/Sofia"
  },
  {
    "label": "(GMT+02:00) Eastern European Time - Tallinn",
    "value": "Europe/Tallinn"
  },
  {
    "label": "(GMT+02:00) Eastern European Time - Uzhhorod",
    "value": "Europe/Uzhgorod"
  },
  {
    "label": "(GMT+02:00) Eastern European Time - Vilnius",
    "value": "Europe/Vilnius"
  },
  {
    "label": "(GMT+02:00) Eastern European Time - Zaporozhye",
    "value": "Europe/Zaporozhye"
  },
  {
    "label": "(GMT+02:00) Famagusta Time",
    "value": "Asia/Famagusta"
  },
  {
    "label": "(GMT+02:00) Israel Time",
    "value": "Asia/Jerusalem"
  },
  {
    "label": "(GMT+02:00) South Africa Standard Time",
    "value": "Africa/Johannesburg"
  },
  {
    "label": "(GMT+03:00) Arabian Standard Time - Baghdad",
    "value": "Asia/Baghdad"
  },
  {
    "label": "(GMT+03:00) Arabian Standard Time - Qatar",
    "value": "Asia/Qatar"
  },
  {
    "label": "(GMT+03:00) Arabian Standard Time - Riyadh",
    "value": "Asia/Riyadh"
  },
  {
    "label": "(GMT+03:00) East Africa Time - Juba",
    "value": "Africa/Juba"
  },
  {
    "label": "(GMT+03:00) East Africa Time - Nairobi",
    "value": "Africa/Nairobi"
  },
  {
    "label": "(GMT+03:00) Kirov Time",
    "value": "Europe/Kirov"
  },
  {
    "label": "(GMT+03:00) Moscow Standard Time - Minsk",
    "value": "Europe/Minsk"
  },
  {
    "label": "(GMT+03:00) Moscow Standard Time - Moscow",
    "value": "Europe/Moscow"
  },
  {
    "label": "(GMT+03:00) Moscow Standard Time - Simferopol",
    "value": "Europe/Simferopol"
  },
  {
    "label": "(GMT+03:00) Syowa Time",
    "value": "Antarctica/Syowa"
  },
  {
    "label": "(GMT+03:00) Turkey Time",
    "value": "Europe/Istanbul"
  },
  {
    "label": "(GMT+03:30) Iran Time",
    "value": "Asia/Tehran"
  },
  {
    "label": "(GMT+04:00) Armenia Standard Time",
    "value": "Asia/Yerevan"
  },
  {
    "label": "(GMT+04:00) Astrakhan Time",
    "value": "Europe/Astrakhan"
  },
  {
    "label": "(GMT+04:00) Azerbaijan Standard Time",
    "value": "Asia/Baku"
  },
  {
    "label": "(GMT+04:00) Georgia Standard Time",
    "value": "Asia/Tbilisi"
  },
  {
    "label": "(GMT+04:00) Gulf Standard Time",
    "value": "Asia/Dubai"
  },
  {
    "label": "(GMT+04:00) Mauritius Standard Time",
    "value": "Indian/Mauritius"
  },
  {
    "label": "(GMT+04:00) Réunion Time",
    "value": "Indian/Reunion"
  },
  {
    "label": "(GMT+04:00) Samara Standard Time",
    "value": "Europe/Samara"
  },
  {
    "label": "(GMT+04:00) Saratov Time",
    "value": "Europe/Saratov"
  },
  {
    "label": "(GMT+04:00) Seychelles Time",
    "value": "Indian/Mahe"
  },
  {
    "label": "(GMT+04:00) Ulyanovsk Time",
    "value": "Europe/Ulyanovsk"
  },
  {
    "label": "(GMT+04:00) Volgograd Standard Time",
    "value": "Europe/Volgograd"
  },
  {
    "label": "(GMT+04:30) Afghanistan Time",
    "value": "Asia/Kabul"
  },
  {
    "label": "(GMT+05:00) French Southern & Antarctic Time",
    "value": "Indian/Kerguelen"
  },
  {
    "label": "(GMT+05:00) Maldives Time",
    "value": "Indian/Maldives"
  },
  {
    "label": "(GMT+05:00) Mawson Time",
    "value": "Antarctica/Mawson"
  },
  {
    "label": "(GMT+05:00) Pakistan Standard Time",
    "value": "Asia/Karachi"
  },
  {
    "label": "(GMT+05:00) Tajikistan Time",
    "value": "Asia/Dushanbe"
  },
  {
    "label": "(GMT+05:00) Turkmenistan Standard Time",
    "value": "Asia/Ashgabat"
  },
  {
    "label": "(GMT+05:00) Uzbekistan Standard Time - Samarkand",
    "value": "Asia/Samarkand"
  },
  {
    "label": "(GMT+05:00) Uzbekistan Standard Time - Tashkent",
    "value": "Asia/Tashkent"
  },
  {
    "label": "(GMT+05:00) West Kazakhstan Time - Aqtau",
    "value": "Asia/Aqtau"
  },
  {
    "label": "(GMT+05:00) West Kazakhstan Time - Aqtobe",
    "value": "Asia/Aqtobe"
  },
  {
    "label": "(GMT+05:00) West Kazakhstan Time - Atyrau",
    "value": "Asia/Atyrau"
  },
  {
    "label": "(GMT+05:00) West Kazakhstan Time - Oral",
    "value": "Asia/Oral"
  },
  {
    "label": "(GMT+05:00) Yekaterinburg Standard Time",
    "value": "Asia/Yekaterinburg"
  },
  {
    "label": "(GMT+05:30) India Standard Time - Colombo",
    "value": "Asia/Colombo"
  },
  {
    "label": "(GMT+05:30) India Standard Time - Kolkata",
    "value": "Asia/Calcutta"
  },
  {
    "label": "(GMT+05:45) Nepal Time",
    "value": "Asia/Katmandu"
  },
  {
    "label": "(GMT+06:00) Bangladesh Standard Time",
    "value": "Asia/Dhaka"
  },
  {
    "label": "(GMT+06:00) Bhutan Time",
    "value": "Asia/Thimphu"
  },
  {
    "label": "(GMT+06:00) East Kazakhstan Time - Almaty",
    "value": "Asia/Almaty"
  },
  {
    "label": "(GMT+06:00) East Kazakhstan Time - Qyzylorda",
    "value": "Asia/Qyzylorda"
  },
  {
    "label": "(GMT+06:00) Indian Ocean Time",
    "value": "Indian/Chagos"
  },
  {
    "label": "(GMT+06:00) Kyrgyzstan Time",
    "value": "Asia/Bishkek"
  },
  {
    "label": "(GMT+06:00) Omsk Standard Time",
    "value": "Asia/Omsk"
  },
  {
    "label": "(GMT+06:00) Urumqi Time",
    "value": "Asia/Urumqi"
  },
  {
    "label": "(GMT+06:00) Vostok Time",
    "value": "Antarctica/Vostok"
  },
  {
    "label": "(GMT+06:30) Cocos Islands Time",
    "value": "Indian/Cocos"
  },
  {
    "label": "(GMT+06:30) Myanmar Time",
    "value": "Asia/Yangon"
  },
  {
    "label": "(GMT+07:00) Barnaul Time",
    "value": "Asia/Barnaul"
  },
  {
    "label": "(GMT+07:00) Christmas Island Time",
    "value": "Indian/Christmas"
  },
  {
    "label": "(GMT+07:00) Davis Time",
    "value": "Antarctica/Davis"
  },
  {
    "label": "(GMT+07:00) Hovd Standard Time",
    "value": "Asia/Hovd"
  },
  {
    "label": "(GMT+07:00) Indochina Time - Bangkok",
    "value": "Asia/Bangkok"
  },
  {
    "label": "(GMT+07:00) Indochina Time - Ho Chi Minh City",
    "value": "Asia/Saigon"
  },
  {
    "label": "(GMT+07:00) Krasnoyarsk Standard Time - Krasnoyarsk",
    "value": "Asia/Krasnoyarsk"
  },
  {
    "label": "(GMT+07:00) Krasnoyarsk Standard Time - Novokuznetsk",
    "value": "Asia/Novokuznetsk"
  },
  {
    "label": "(GMT+07:00) Novosibirsk Standard Time",
    "value": "Asia/Novosibirsk"
  },
  {
    "label": "(GMT+07:00) Tomsk Time",
    "value": "Asia/Tomsk"
  },
  {
    "label": "(GMT+07:00) Western Indonesia Time - Jakarta",
    "value": "Asia/Jakarta"
  },
  {
    "label": "(GMT+07:00) Western Indonesia Time - Pontianak",
    "value": "Asia/Pontianak"
  },
  {
    "label": "(GMT+08:00) Australian Western Standard Time - Casey",
    "value": "Antarctica/Casey"
  },
  {
    "label": "(GMT+08:00) Australian Western Standard Time - Perth",
    "value": "Australia/Perth"
  },
  {
    "label": "(GMT+08:00) Brunei Darussalam Time",
    "value": "Asia/Brunei"
  },
  {
    "label": "(GMT+08:00) Central Indonesia Time",
    "value": "Asia/Makassar"
  },
  {
    "label": "(GMT+08:00) China Standard Time - Macau",
    "value": "Asia/Macau"
  },
  {
    "label": "(GMT+08:00) China Standard Time - Shanghai",
    "value": "Asia/Shanghai"
  },
  {
    "label": "(GMT+08:00) Choibalsan Standard Time",
    "value": "Asia/Choibalsan"
  },
  {
    "label": "(GMT+08:00) Hong Kong Standard Time",
    "value": "Asia/Hong_Kong"
  },
  {
    "label": "(GMT+08:00) Irkutsk Standard Time",
    "value": "Asia/Irkutsk"
  },
  {
    "label": "(GMT+08:00) Malaysia Time - Kuala Lumpur",
    "value": "Asia/Kuala_Lumpur"
  },
  {
    "label": "(GMT+08:00) Malaysia Time - Kuching",
    "value": "Asia/Kuching"
  },
  {
    "label": "(GMT+08:00) Philippine Standard Time",
    "value": "Asia/Manila"
  },
  {
    "label": "(GMT+08:00) Singapore Standard Time",
    "value": "Asia/Singapore"
  },
  {
    "label": "(GMT+08:00) Taipei Standard Time",
    "value": "Asia/Taipei"
  },
  {
    "label": "(GMT+08:00) Ulaanbaatar Standard Time",
    "value": "Asia/Ulaanbaatar"
  },
  {
    "label": "(GMT+08:45) Australian Central Western Standard Time",
    "value": "Australia/Eucla"
  },
  {
    "label": "(GMT+09:00) East Timor Time",
    "value": "Asia/Dili"
  },
  {
    "label": "(GMT+09:00) Eastern Indonesia Time",
    "value": "Asia/Jayapura"
  },
  {
    "label": "(GMT+09:00) Japan Standard Time",
    "value": "Asia/Tokyo"
  },
  {
    "label": "(GMT+09:00) Korean Standard Time - Pyongyang",
    "value": "Asia/Pyongyang"
  },
  {
    "label": "(GMT+09:00) Korean Standard Time - Seoul",
    "value": "Asia/Seoul"
  },
  {
    "label": "(GMT+09:00) Palau Time",
    "value": "Pacific/Palau"
  },
  {
    "label": "(GMT+09:00) Yakutsk Standard Time - Chita",
    "value": "Asia/Chita"
  },
  {
    "label": "(GMT+09:00) Yakutsk Standard Time - Khandyga",
    "value": "Asia/Khandyga"
  },
  {
    "label": "(GMT+09:00) Yakutsk Standard Time - Yakutsk",
    "value": "Asia/Yakutsk"
  },
  {
    "label": "(GMT+09:30) Australian Central Standard Time",
    "value": "Australia/Darwin"
  },
  {
    "label": "(GMT+10:00) Australian Eastern Standard Time - Brisbane",
    "value": "Australia/Brisbane"
  },
  {
    "label": "(GMT+10:00) Australian Eastern Standard Time - Lindeman",
    "value": "Australia/Lindeman"
  },
  {
    "label": "(GMT+10:00) Chamorro Standard Time",
    "value": "Pacific/Guam"
  },
  {
    "label": "(GMT+10:00) Chuuk Time",
    "value": "Pacific/Chuuk"
  },
  {
    "label": "(GMT+10:00) Dumont-d’Urville Time",
    "value": "Antarctica/DumontDUrville"
  },
  {
    "label": "(GMT+10:00) Papua New Guinea Time",
    "value": "Pacific/Port_Moresby"
  },
  {
    "label": "(GMT+10:00) Vladivostok Standard Time - Ust-Nera",
    "value": "Asia/Ust-Nera"
  },
  {
    "label": "(GMT+10:00) Vladivostok Standard Time - Vladivostok",
    "value": "Asia/Vladivostok"
  },
  {
    "label": "(GMT+10:30) Central Australia Time - Adelaide",
    "value": "Australia/Adelaide"
  },
  {
    "label": "(GMT+10:30) Central Australia Time - Broken Hill",
    "value": "Australia/Broken_Hill"
  },
  {
    "label": "(GMT+11:00) Bougainville Time",
    "value": "Pacific/Bougainville"
  },
  {
    "label": "(GMT+11:00) Eastern Australia Time - Currie",
    "value": "Australia/Currie"
  },
  {
    "label": "(GMT+11:00) Eastern Australia Time - Hobart",
    "value": "Australia/Hobart"
  },
  {
    "label": "(GMT+11:00) Eastern Australia Time - Melbourne",
    "value": "Australia/Melbourne"
  },
  {
    "label": "(GMT+11:00) Eastern Australia Time - Sydney",
    "value": "Australia/Sydney"
  },
  {
    "label": "(GMT+11:00) Kosrae Time",
    "value": "Pacific/Kosrae"
  },
  {
    "label": "(GMT+11:00) Lord Howe Time",
    "value": "Australia/Lord_Howe"
  },
  {
    "label": "(GMT+11:00) Macquarie Island Time",
    "value": "Antarctica/Macquarie"
  },
  {
    "label": "(GMT+11:00) Magadan Standard Time",
    "value": "Asia/Magadan"
  },
  {
    "label": "(GMT+11:00) New Caledonia Standard Time",
    "value": "Pacific/Noumea"
  },
  {
    "label": "(GMT+11:00) Norfolk Island Time",
    "value": "Pacific/Norfolk"
  },
  {
    "label": "(GMT+11:00) Ponape Time",
    "value": "Pacific/Pohnpei"
  },
  {
    "label": "(GMT+11:00) Sakhalin Standard Time",
    "value": "Asia/Sakhalin"
  },
  {
    "label": "(GMT+11:00) Solomon Islands Time",
    "value": "Pacific/Guadalcanal"
  },
  {
    "label": "(GMT+11:00) Srednekolymsk Time",
    "value": "Asia/Srednekolymsk"
  },
  {
    "label": "(GMT+11:00) Vanuatu Standard Time",
    "value": "Pacific/Efate"
  },
  {
    "label": "(GMT+12:00) Anadyr Standard Time",
    "value": "Asia/Anadyr"
  },
  {
    "label": "(GMT+12:00) Gilbert Islands Time",
    "value": "Pacific/Tarawa"
  },
  {
    "label": "(GMT+12:00) Marshall Islands Time - Kwajalein",
    "value": "Pacific/Kwajalein"
  },
  {
    "label": "(GMT+12:00) Marshall Islands Time - Majuro",
    "value": "Pacific/Majuro"
  },
  {
    "label": "(GMT+12:00) Nauru Time",
    "value": "Pacific/Nauru"
  },
  {
    "label": "(GMT+12:00) Petropavlovsk-Kamchatski Standard Time",
    "value": "Asia/Kamchatka"
  },
  {
    "label": "(GMT+12:00) Tuvalu Time",
    "value": "Pacific/Funafuti"
  },
  {
    "label": "(GMT+12:00) Wake Island Time",
    "value": "Pacific/Wake"
  },
  {
    "label": "(GMT+12:00) Wallis & Futuna Time",
    "value": "Pacific/Wallis"
  },
  {
    "label": "(GMT+13:00) Fiji Time",
    "value": "Pacific/Fiji"
  },
  {
    "label": "(GMT+13:00) New Zealand Time",
    "value": "Pacific/Auckland"
  },
  {
    "label": "(GMT+13:00) Phoenix Islands Time",
    "value": "Pacific/Enderbury"
  },
  {
    "label": "(GMT+13:00) Tokelau Time",
    "value": "Pacific/Fakaofo"
  },
  {
    "label": "(GMT+13:00) Tonga Standard Time",
    "value": "Pacific/Tongatapu"
  },
  {
    "label": "(GMT+13:45) Chatham Time",
    "value": "Pacific/Chatham"
  },
  {
    "label": "(GMT+14:00) Apia Time",
    "value": "Pacific/Apia"
  },
  {
    "label": "(GMT+14:00) Line Islands Time",
    "value": "Pacific/Kiritimati"
  }
]
